INSERT INTO PRODUCT(ID, NAME)
VALUES (10000, 'Camiseta'),
       (10001, 'Vaquero'),
       (10002, 'Abrigo'),
       (10003, 'Botas'),
       (10004, 'Bolso');

INSERT INTO BRAND(ID, NAME)
VALUES (2, 'Pull&Bear'),
       (3, 'Bershka'),
       (4, 'Stradivarius'),
       (5, 'Oysho');

INSERT INTO PRICES(BRAND_ID,START_DATE,END_DATE,PRICE_LIST,PRODUCT_ID,PRIORITY,PRICE,CURR)
VALUES (2, '2020-06-14 00:00:00', '2020-12-31 23:59:59', 1, 10000, 1, 21.50, 'EUR'),
       (2, '2020-06-14 15:00:00', '2020-06-14 18:30:00', 2, 10000, 1, 15.45, 'EUR'),
       (2, '2020-06-15 00:00:00', '2020-06-15 11:00:00', 3, 10000, 1, 30.50, 'EUR'),
       (2, '2020-06-15 16:00:00', '2020-12-31 23:59:59', 4, 10000, 1, 38.95, 'EUR'),

       (2, '2020-06-14 00:00:00', '2020-12-31 23:59:59', 1, 10001, 0, 35.50, 'EUR'),
       (2, '2020-06-14 15:00:00', '2020-06-14 18:30:00', 2, 10001, 1, 25.45, 'EUR'),
       (2, '2020-06-15 00:00:00', '2020-06-15 11:00:00', 3, 10001, 1, 30.50, 'EUR'),
       (2, '2020-06-15 16:00:00', '2020-12-31 23:59:59', 4, 10001, 1, 38.95, 'EUR'),

       (3, '2020-06-14 00:00:00', '2020-12-31 23:59:59', 1, 10002, 0, 35.50, 'EUR'),
       (3, '2020-06-14 15:00:00', '2020-06-14 18:30:00', 2, 10002, 1, 25.45, 'EUR'),
       (3, '2020-06-15 00:00:00', '2020-06-15 11:00:00', 3, 10002, 1, 30.50, 'EUR'),
       (3, '2020-06-15 16:00:00', '2020-12-31 23:59:59', 4, 10002, 1, 38.95, 'EUR'),

       (4, '2020-06-14 00:00:00', '2020-12-31 23:59:59', 1, 10003, 0, 35.50, 'EUR'),
       (4, '2020-06-14 15:00:00', '2020-06-14 18:30:00', 2, 10003, 1, 25.45, 'EUR'),
       (4, '2020-06-15 00:00:00', '2020-06-15 11:00:00', 3, 10003, 1, 30.50, 'EUR'),
       (4, '2020-06-15 16:00:00', '2020-12-31 23:59:59', 4, 10003, 1, 38.95, 'EUR'),

       (5, '2020-06-14 00:00:00', '2020-12-31 23:59:59', 1, 10004, 0, 35.50, 'EUR'),
       (5, '2020-06-14 15:00:00', '2020-06-14 18:30:00', 2, 10004, 1, 25.45, 'EUR'),
       (5, '2020-06-15 00:00:00', '2020-06-15 11:00:00', 3, 10004, 1, 30.50, 'EUR'),
       (5, '2020-06-15 16:00:00', '2020-12-31 23:59:59', 4, 10004, 1, 38.95, 'EUR');